{"atom_coords": {"C1": [0.11362595660595, -0.49207856441032, 0.13495721625828], "C2": [-2.04735054285185, -0.62190048573564, -1.06427964961752], "C3": [-1.37606252960999, -0.88168838116575, -2.27441535444618], "C4": [0.06560221688803, -1.01539543965925, -2.24566539505398], "C5": [0.69882708374557, -1.12261679357067, -0.96835641781666], "C6": [2.20556839691421, -1.50042096781316, -3.36980737449355], "C7": [0.84435591888656, -1.10140883422832, -3.37207246914057], "C8": [1.9456830490498, -1.85569595188103, -0.94023563047586], "C9": [2.73519950575823, -1.98922389679778, -2.10525737581169], "H10": [0.39307541174059, -0.91008780873411, -4.33364373384955], "C11": [4.01538840425364, -2.5412836599866, -1.95994867403128], "C12": [4.42502364028822, -3.10555579946903, -0.77454667733634], "C13": [3.55757200649996, -3.15144415075104, 0.31321124828457], "C14": [2.34603065566496, -2.51125571537284, 0.23417153068538], "H15": [4.69916747901907, -2.53211722819442, -2.79147272433044], "H16": [5.41366299635448, -3.53334008536435, -0.69835532279149], "H17": [3.84567060783035, -3.6625323375267, 1.21945633343049], "H18": [1.68212076500857, -2.5059083594239, 1.08521826123015], "C19": [2.88603980321499, -1.4915603140574, -4.58782964050822], "C20": [2.06927972128158, 0.72868346196089, -5.35131804876298], "C21": [1.71450367945259, 1.60366746088929, -6.35790038682648], "C22": [1.75270953064217, 1.19826339835471, -7.68298412613487], "C23": [2.15661329617099, -0.09093440152918, -7.99329206975956], "C24": [2.51920201273919, -0.96832620244656, -6.99122788488598], "C25": [2.47455408940664, -0.57847089695513, -5.64799044740834], "H26": [2.05905790726632, 1.05722685165979, -4.32200827066898], "H27": [1.41077666650414, 2.61011872215045, -6.1093300038965], "H28": [1.472681640286, 1.88369382061799, -8.46889500847635], "H29": [2.18628554105416, -0.41375614651873, -9.02381189859429], "H30": [2.81812611704943, -1.97633666380504, -7.24025837840656], "C31": [3.81331753410799, -3.78586004876584, -4.7517389800421], "C32": [4.78510716880818, -4.66653274699402, -5.18099875213235], "C33": [5.92505776934895, -4.19555267884871, -5.81512967459603], "C34": [6.08135716592757, -2.83547243579468, -6.02715554732788], "C35": [5.10486719371946, -1.94981947528751, -5.61282257148882], "C36": [3.96302549423295, -2.40990261086874, -4.95411656122051], "H37": [2.92294318603026, -4.15112470878648, -4.26041741593387], "H38": [4.65340182354291, -5.7271484337257, -5.02441117932629], "H39": [6.68596673134852, -4.88670787153054, -6.14559322229283], "H40": [6.96674424260988, -2.46372208940444, -6.52200874952772], "H41": [5.22760855499565, -0.88886106145651, -5.77789038513655], "C42": [-2.12464911472573, -1.18599683510374, -3.41473734622925], "C43": [-3.49415670553469, -1.3174509091458, -3.34791949760632], "C44": [-4.13740936750052, -1.21266540489208, -2.12098136456604], "C45": [-3.4196712922402, -0.87455664640071, -0.99459202542588], "H46": [-1.62419346186955, -1.36569048758626, -4.35389681603386], "H47": [-4.05818176249702, -1.55487170365376, -4.23795845978825], "H48": [-5.19815261702679, -1.40124302753481, -2.04734431724796], "H49": [-3.91795406600804, -0.83073478282105, -0.0395588900825], "C50": [-1.28349580276962, -0.17279077439674, 0.08883292782361], "C51": [0.89459192576228, -0.04028006675849, 1.27562493099569], "C52": [0.24790455441552, 0.32478004230647, 2.47830984123648], "C53": [-1.17510639918645, 0.50301699828833, 2.44780294707132], "C54": [-1.85885774004518, 0.46142933168168, 1.17696872374086], "C55": [-3.28932689885436, 1.31024030426644, 2.7801850262846], "C56": [-3.15716922266349, 1.08099870577731, 1.38699652168053], "C57": [-2.06006495854292, 0.91857619061253, 3.4315009453956], "C58": [-4.44850444135678, 1.86644782559051, 3.29914940630093], "C59": [-5.43633904274487, 2.28410695912948, 2.42182789771129], "C60": [-5.25845696408076, 2.1690129496326, 1.05022759437296], "C61": [-4.12446254548179, 1.56734362183147, 0.52317771619085], "H62": [-4.5737358567205, 1.98701949143622, 4.36528057575076], "H63": [-6.343204916614, 2.72710277223173, 2.80753363748313], "H64": [-6.01715416990905, 2.54677300108856, 0.38030324679542], "H65": [-4.0038964469111, 1.4943101622615, -0.54761187600164], "C66": [-2.16840528986014, 2.12517487990075, 5.59154696323239], "C67": [-2.03095121982115, 2.1533644681138, 6.96678656120357], "C68": [-1.61776570443683, 1.02260604022686, 7.65090132310148], "C69": [-1.33226783289494, -0.13811727297998, 6.95000691143139], "C70": [-1.45919255606064, -0.17010588888091, 5.57515133919872], "C71": [-1.88057807617341, 0.96285098421321, 4.87575464256984], "H72": [-2.46896514118637, 3.01467538716482, 5.05733694293625], "H73": [-2.2475419501731, 3.06319912052824, 7.50824339718717], "H74": [-1.5162991025175, 1.04595178627505, 8.7259761002538], "H75": [-1.0096726037376, -1.0225899376416, 7.47980812312208], "H76": [-1.23996929452046, -1.07548802291471, 5.02704893039647], "C77": [1.02250561160378, 0.68687272652483, 3.58753060050755], "C78": [2.39322464706727, 0.75556145895156, 3.50464329432049], "C79": [3.02071784483673, 0.5345922968308, 2.28313054761763], "C80": [2.27922603098663, 0.15859649983843, 1.1879522445174], "H81": [0.5301039250679, 0.95443375337333, 4.50836218756016], "H82": [2.97449114464142, 1.03245060104304, 4.37188899685868], "H83": [4.08767371300904, 0.6724072316511, 2.18808797167563], "H84": [2.77662527553824, 0.03930170117415, 0.23831098912629]}, "num_atoms": 84, "atom_info": {}, "sites": {}, "name": "boss-diradical-optgfn2", "active_site": null, "inplace": false}