{"atom_coords": {"C1": [0.0, 0.0, 0.0], "C3": [-2.06805, -0.3490640002879979, -1.21762], "C4": [-1.36204, -0.3156279961928783, -2.4124], "C5": [0.025000000000000022, -0.37330375682497263, -2.4009799999999997], "C6": [0.70601, -0.4631778357530425, -1.19478], "C11": [2.1180532153453955, -1.1285358889041055, -3.5843438350805905], "C12": [0.7310134063187956, -0.7203510982300085, -3.595769971959292], "C13": [2.093050794557189, -0.8720148685028588, -1.183363855008442], "C14": [2.799062026768799, -1.1476408573380845, -2.3781459402788854], "H15": [0.2000545333180621, -0.8390041092879662, -4.535962095454561], "C16": [4.186072503778473, -1.5575192623411356, -2.3667139411573634], "C17": [4.867090372299084, -1.6557988844719125, -1.1604875973726052], "C18": [4.161070612588602, -1.693461664314314, 0.03430059490071535], "C19": [2.7740601355789263, -1.2772217620622826, 0.02286859577919209], "H20": [4.7364300085850735, -1.8202633024720005, -3.2980534665630783], "H21": [5.9482862596821775, -1.7314944531687555, -1.1514610098382365], "H22": [4.691924493881014, -2.064273103253145, 0.9745510826548451], "H23": [2.223721400286675, -1.3474701478710704, 0.9542215302970747], "C24": [2.728319027420329, -1.5844483786299475, -4.6171292185407555], "C25": [2.8318394514848713, 0.5092778256137174, -4.937121817112887], "C26": [2.6670412291571512, 1.3993164715612005, -5.8093933331284076], "C27": [2.2563380536138373, 1.1050608766583085, -7.115715225891675], "C28": [2.0104271697431066, -0.12786358346108928, -7.549760035149922], "C29": [2.1752193062134753, -1.1953121097727206, -6.677477905294163], "C30": [2.5859285676141406, -0.8325994204847471, -5.371166626371136], "H31": [3.151882241729357, 0.8965815657913025, -3.918810175832403], "H32": [2.858663903065823, 2.4333320628059383, -5.471142143725196], "H33": [2.1279265696424696, 1.9718073700227756, -7.7956605480433065], "H34": [1.690393866246003, -0.12935175838974522, -8.568080209606498], "H35": [1.9835523742046928, -2.1807653782926177, -7.01582923678955], "C36": [3.0164558730216573, -3.967320940464835, -4.958533949953968], "C37": [3.8874786258240404, -5.316692691724862, -5.280785683612723], "C38": [5.223287404792176, -5.305578601071352, -5.540267422747539], "C39": [5.688072175598142, -3.993406227695208, -5.477490815229855], "C40": [4.81704325534277, -2.830997758911548, -5.155228953204814], "C41": [3.481240643827623, -2.7711227970420818, -4.895757342436285], "H42": [1.9752125953136346, -3.814004477492591, -4.75616511573303], "H43": [3.5252878975616095, -6.260154008065351, -5.3297079695775125], "H44": [5.902234382056239, -6.173446300355896, -5.791509626644279], "H45": [6.729318889863747, -3.736523265876795, -5.679872974129194], "H46": [5.1793440924814975, -1.831190626620435, -5.106317944461642], "C47": [-2.043048811423403, -0.6030421237460407, -3.6185978948017046], "C48": [-3.430088620450002, -0.8983536441649642, -3.630024031680406], "C49": [-4.136100838192202, -0.8646644988135956, -2.435231954522818], "C50": [-3.4550920267687975, -0.643816479250371, -1.2290340597211138], "H51": [-1.4927205088837088, -0.7649299286263698, -4.549947833994512], "H52": [-3.961047493450736, -1.2622813577771836, -4.570216155175675], "H53": [-5.2172947159021605, -1.1134369115637945, -2.444142629923361], "H54": [-4.005440915880486, -0.8965416008235851, -0.29769445463567656], "C55": [-1.198967398345378, 0.04878423081163238, -0.009862886445322893], "C56": [0.916459850744981, 0.40791547763497116, 1.2413899455205541], "C57": [0.2065275745573194, 0.35237725713869344, 2.4332003352051483], "C58": [-1.2000317854097107, 0.21023303856832834, 2.4079998953291932], "C59": [-1.8942274209360286, 0.14926918654771612, 1.1927673446398561], "C62": [-3.39915529580926, 0.502804371068898, 2.8610253172832083], "C63": [-3.2686710530109657, 0.33800746403730014, 1.4888616516775508], "C64": [-2.137314603320074, 0.40500907793199736, 3.4100377311260535], "C65": [-4.631012130205313, 0.9481805584963137, 3.449351851176196], "C66": [-5.739162115127922, 1.133747168560831, 2.6386051224859464], "C67": [-5.6037985126567085, 0.9976010374748959, 1.2481019273089171], "C68": [-4.362841808585762, 0.6489918913605296, 0.6664859608142734], "H69": [-4.72050518292592, 1.2248495739318046, 4.545086304800268], "H70": [-6.702244276605129, 1.4513393257565574, 3.0950586417501964], "H71": [-6.456300221520311, 1.2624080645070448, 0.6244593230311322], "H72": [-4.236091925566282, 0.7687482357309842, -0.40176210279813385], "C73": [-1.026112771405724, 1.7637566157799651, 5.176407133775775], "C74": [-0.7190427034945728, 2.01095987503375, 6.555080612513666], "C75": [-1.2646947758026228, 1.0403494764245234, 7.354056358141945], "C76": [-2.097153831189326, 0.037772092220694074, 6.789299248796807], "C77": [-2.3963179106929915, -0.12549939517402273, 5.416442829035587], "C78": [-1.8686828362742125, 0.653659837651207, 4.604193806592705], "H79": [-0.6107239560905293, 2.413490568495033, 4.546190529975096], "H80": [-0.061472216698652105, 2.8842144813905293, 7.001782776572881], "H81": [-1.0484248405851537, 0.9879512477877082, 8.411736829631812], "H82": [-2.520052005344322, -0.6918231259540282, 7.413997431373003], "H83": [-3.045278508340582, -0.9072626937662895, 4.976190061300796], "C84": [0.9264835729293666, 0.6872868312966021, 3.66742826574337], "C85": [2.3443859139577734, 0.9500528966989803, 3.7009996988982863], "C86": [3.0383262254248233, 0.8355110609271984, 2.497382556259206], "C87": [2.3340553264413053, 0.6673951568717057, 1.2747213756148716], "H88": [0.38781178106676384, 0.8004600463267778, 4.607313956045414], "H89": [2.9087044054235163, 1.2430158990052702, 4.665253716195251], "H90": [4.129888476184168, 0.8947701725128883, 2.5134607568185925], "H91": [2.8968566014425363, 0.8105920005789481, 0.35262476440971074]}, "num_atoms": 88, "atom_info": {}, "sites": {"1": ["H12", "C6", "C5"], "2": ["H11", "C5", "C4"], "3": ["H10", "C4", "C3"], "4": ["H9", "C3", "C2"], "5": ["H8", "C2", "C1"], "6": ["H7", "C1", "C6"], "1b": ["C6", "C5", "C1", "C5"], "2b": ["C5", "C4", "C6", "C3"], "3b": ["C4", "C3", "C5", "C2"], "4b": ["C3", "C2", "C4", "C1"], "5b": ["C2", "C1", "C3", "C6"], "6b": ["C1", "C6", "C2", "C5"]}, "name": "boss-dirad", "active_site": "5b", "inplace": false}