{"atom_coords": {"C1": [4.598245278034996, -0.4918764560028534, 5.6990216351090215], "C6": [5.304255278034995, -0.4567464560028534, 4.504241635109022], "C13": [0.46216957074602716, -0.19339524723394264, 3.2637405245790223], "C14": [1.1431733688755714, -0.28557655099976637, 4.469974865977561], "C15": [2.5551924685293605, -0.21531560062960498, 2.080392543653012], "H19": [3.105537221107482, -0.18795667857741105, 1.1490379410478249], "C22": [2.505183512653199, -0.46995597199665246, 6.88239153824056], "C24": [0.43713950789521183, -0.3207156409353717, 5.664760779853902], "H26": [3.0361422967532214, -0.5417772954134679, 7.822589703570445], "H28": [-0.6440511456428415, -0.2761789684846445, 5.6558935306201095], "C29": [6.716298493380391, -0.38647800951384875, 2.1146778000284314], "C30": [5.329258684353791, -0.3294265961090564, 2.10325166314973], "C31": [6.691296072592186, -0.5137879099437663, 4.515657780100581], "H34": [4.7982998113530595, -0.25752688053765604, 1.1630595396544607], "H35": [7.222155131963378, -0.5856694069277006, 5.455908258736398], "H36": [8.4785034822753, -0.523059528813735, 3.3297463891622434], "C37": [6.6427469150972644, 0.6588124708145028, 0.1417865902645219], "C38": [7.326564305455326, -0.35598226680175143, 1.0818924165682664], "H39": [6.63359586491042, 1.6539310447243452, 0.5927381805046701], "H40": [7.167775497321346, 0.7195662190958344, -0.8147324423310351], "H41": [5.608166500211498, 0.3657826715607181, -0.05192027637700525], "C42": [8.775732285700744, 0.0789747195557709, 1.3858768022695647], "H43": [9.253781608791211, -0.628505428356742, 2.0674425283022293], "H44": [9.368678775853137, 0.12794827008297477, 0.46928296001187286], "H45": [8.7892792455926, 1.0644419288281264, 1.857445164786224], "C46": [7.304067699009179, -1.7689671248215948, 0.461764419776435], "H47": [7.844420997031305, -1.7868440685677087, -0.4878837135334293], "H48": [7.7696683374975954, -2.4915123135263095, 1.1361523329383236], "H49": [6.276162152663877, -2.09107859502366, 0.27882768984822137], "C50": [-0.4877929705102795, 0.7356981662025331, 7.915958227199294], "C51": [0.5078843713760945, -0.44315352449418577, 7.903757010228325], "H52": [-1.1826120902556592, 0.6598504632037338, 7.076210901281514], "H53": [-1.0677031873287661, 0.746856263850357, 8.842162484955873], "H54": [0.04275372316500947, 1.6870420279175327, 7.831043499928869], "C55": [-0.24454557249865738, -1.7881229637485934, 7.984925407602686], "H56": [0.458760626629815, -2.6236573336030946, 7.956048756839436], "H57": [-0.8223939774974798, -1.856587797463015, 8.909875140228612], "H58": [-0.9310494910106484, -1.8948275405108093, 7.141698057260159], "C59": [1.5137912944330156, -0.3143454810358546, 9.067007107493136], "H60": [0.9994731795701619, -0.3302354541424958, 10.03103886753976], "H61": [2.231714092710074, -1.1376443230949476, 9.046502618272605], "H62": [2.0712780659312124, 0.6221763923888181, 8.989892006496905], "C63": [-3.5107861902554682, -0.02937698550329776, 3.230847901209419], "C64": [-2.8534128430471406, -1.0650310829956338, 2.5808127291398955], "C65": [-1.4664005995902403, -1.122305876789802, 2.5923372593469334], "C66": [-0.7367710292717136, -0.14395427985000547, 3.253890226449457], "C67": [-1.3941541444088794, 0.8916910130890826, 3.903930601153726], "C68": [-2.7811566199369406, 0.9489746114364989, 3.8924008683119427], "H70": [-3.4220730898191616, -1.827750064988129, 2.065125419571863], "H71": [-0.9539805105220069, -1.9295673397932709, 2.085595252731336], "H72": [-0.8253956963917184, 1.6543483578979585, 4.419601867871376], "H73": [-3.293613871392854, 1.7562115189342644, 4.399146872937233], "C74": [5.766335049445109, -0.650245471952321, 7.768024919536324], "C75": [5.1868891830072865, -0.5716848727103787, 6.741676405280631], "H76": [6.289543477810433, -0.7211822015509427, 8.6947757582634], "C77": [-5.144324159551177, 1.1033378309213449, 2.211606714827089], "C78": [-4.709727221692626, 0.020049014654552666, 3.220975027018066], "H79": [-4.778142866407952, 0.8640195400317253, 1.2104373631199818], "H80": [-6.2334495537644745, 1.182768987754311, 2.16952041297121], "H81": [-4.73931179560895, 2.0774325805805542, 2.495947798809498], "C82": [-5.250063841089423, -1.3621952667070563, 2.797750493133308], "H83": [-4.925844999666353, -2.1327545239550503, 3.5011079611648217], "H84": [-6.342410464474474, -1.3614520526587062, 2.767641980845962], "H85": [-4.878756795378459, -1.6317562118858668, 1.8061992660957422], "C86": [-5.193440437022547, 0.37866818207121955, 4.6418919340807445], "H87": [-6.283773909980631, 0.44164226704829257, 4.678498371608346], "H88": [-4.86821607375018, -0.3775138501473958, 5.360273733254282], "H89": [-4.782517420462344, 1.341356311674343, 4.955237267829796], "C90": [0.0, 0.0, 0.0], "C91": [0.5794904122421789, -0.0785091237895801, 1.0263273026677129], "C93": [-2.6319445098269356, 0.35634265476389565, -4.661152734424409], "C94": [-1.950862439541802, 0.264141777190735, -3.4549842586255863], "C95": [-2.0912814083286793, 1.2623543143534874, -2.5005012942642892], "C96": [-2.9127921472354577, 2.3527870640169306, -2.7521811423297677], "C97": [-3.5938788722596686, 2.4449868792610485, -3.9583363062969683], "C98": [-0.4482698072101274, -0.9184564407688908, -1.9971164043118674], "C99": [-1.1293610207553424, -0.8262743368651232, -3.2033013282565257], "C100": [-1.410193057241783, 1.1701584071275042, -1.2943152413253112], "C101": [-0.5886887759970051, 0.07975609639386254, -1.0426334399505708], "H102": [-1.519631094630804, 1.9482945884179022, -0.5502879216392433], "C103": [-1.6699984524701978, -1.732302898582477, -5.363948138808508], "C104": [-2.491518572686571, -0.6418791318504663, -5.615633563944037], "C105": [-0.9889221594312424, -1.8245029940660913, -4.157789894276256], "H106": [-3.0225097162568466, -0.5699264797367919, -6.555803412590407], "H107": [-0.3486112668832225, -2.6745329678996645, -3.9616104430871593], "C108": [-3.8747363908747703, 4.441427077279105, -2.0493667914866895], "C109": [-3.0532177882583724, 3.3510012167462198, -1.797685484202419], "C110": [-4.415402713325914, 3.53541245224499, -4.2100044805709675], "C111": [-4.555821927188475, 4.533626731605553, -3.2555198503338483], "H112": [-2.522285933580302, 3.279006734647675, -0.8574853548493832], "H113": [-4.946301857678209, 3.6072979450134044, -5.1502320208799315], "H114": [-5.196236553921029, 5.3835917935439905, -3.45164193463593], "C115": [-4.064583115441665, 4.641146864292102, 0.1674805141127338], "C116": [-3.9961993064946943, 5.304216876138973, -1.22423618175726], "H117": [-4.9135294993758585, 3.9557888072836835, 0.22472058310903464], "H118": [-4.176088955647033, 5.39301435786912, 0.9526788390614738], "H119": [-3.154653091219193, 4.069669736464775, 0.365436801430707], "C120": [-5.297641030858638, 6.079467416807248, -1.5190547004736907], "H121": [-5.25786199581636, 6.532391043286621, -2.51246749022822], "H122": [-5.453413376691599, 6.8736540871889895, -0.7847994796126743], "H123": [-6.159143354534633, 5.408241904135969, -1.4878150039316262], "C124": [-2.774214699009385, 6.242091369895459, -1.3177032440305034], "H125": [-2.839202512084577, 7.042508176015177, -0.5765943657050492], "H126": [-2.713680289185356, 6.695852999046829, -2.309716616338131], "H127": [-1.8499319921722144, 5.686085958447407, -1.143430702067542], "C128": [-1.802192624105475, -3.957512563466703, -5.5099220980896675], "C129": [-1.548724424731072, -2.595216208392413, -6.188977368562699], "H130": [-1.0880366995847401, -4.121049670135831, -4.699404371686213], "H131": [-1.7013745380895449, -4.775681616419555, -6.227354885270679], "H132": [-2.8086576278155304, -3.9937992734937184, -5.0862985396296425], "C133": [-0.11383546386614574, -2.530338486381397, -6.75339430033799], "H134": [0.07277927056791988, -1.5586188020857252, -7.216564841223767], "H135": [0.04465787011756228, -3.3064384141648304, -7.50617380701792], "H136": [0.618819639108635, -2.6706086159228537, -5.9551169976145335], "C137": [-2.5824103346508065, -2.3472241225083144, -7.307719699786588],