{"E_el_au": -117.009799755341, "E_homo_lumo_ev": 0.000453145251, "success": true}