{"atom_coords": {"C1": [-3.82934, 0.1564, -0.0], "C2": [-2.50483, 0.1564, -4e-05], "H3": [-4.39166, 0.87762, 0.58804], "H4": [-1.94249, 0.87762, 0.58796], "H5": [-4.39169, -0.56482, -0.58801], "H6": [-1.94252, -0.56482, -0.58808]}, "num_atoms": 6, "atom_info": {}, "sites": {"1": ["H6", "C2", "C1"], "2": ["H5", "C1", "C2"], "3": ["H4", "C2", "C1"], "4": ["H3", "C1", "C2"]}, "name": "alkene", "active_site": null, "inplace": false}