{"atom_coords": {"C1": [-3.67939, -0.66324, -1e-05], "C2": [-2.49838, -0.64009, -0.00011], "H3": [-4.74579, -0.68415, 8e-05], "H4": [-1.43196, -0.61918, -0.0002]}, "num_atoms": 4, "atom_info": {}, "sites": {"1": ["H4", "C2", "C1"], "2": ["H3", "C1", "C2"]}, "name": "alkyne", "active_site": null, "inplace": false}