{"atom_coords": {"C1": [0.68103, -0.09218, 1.2062], "C2": [-0.70601, -0.03513, 1.19479], "C3": [-1.38702, 0.05706, -0.01142], "C4": [-0.68101, 0.09219, -1.2062], "C5": [0.70603, 0.03513, -1.19478], "C6": [1.38704, -0.05705, 0.01142], "H7": [1.21186, -0.16415, 2.14645], "H8": [-1.25646, -0.06255, 2.12608], "H9": [-2.46821, 0.10158, -0.02031], "H10": [-1.21186, 0.16417, -2.14644], "H11": [1.25638, 0.06254, -2.12613], "H12": [2.46823, -0.10159, 0.02035]}, "num_atoms": 12, "atom_info": {}, "sites": {"1": ["H12", "C6", "C5"], "2": ["H11", "C5", "C4"], "3": ["H10", "C4", "C3"], "4": ["H9", "C3", "C2"], "5": ["H8", "C2", "C1"], "6": ["H7", "C1", "C6"], "1b": ["C6", "C5", "C1", "C5"], "2b": ["C5", "C4", "C6", "C3"], "3b": ["C4", "C3", "C5", "C2"], "4b": ["C3", "C2", "C4", "C1"], "5b": ["C2", "C1", "C3", "C6"], "6b": ["C1", "C6", "C2", "C5"]}, "name": "benzene", "active_site": null, "inplace": false}