{"atom_coords": {"C1": [0.68103, -0.09218, 1.2062], "C2": [-0.70601, -0.03513, 1.19479], "C3": [-1.38702, 0.05706, -0.01142], "C4": [-0.68101, 0.09219, -1.2062], "C5": [0.70603, 0.03513, -1.19478], "C6": [1.38704, -0.05705, 0.01142], "H7": [1.21186, -0.16415, 2.14645], "H8": [-1.25646, -0.06255, 2.12608], "H9": [-2.46821, 0.10158, -0.02031], "C10": [1.412058363321122, 0.07028022156124875, -2.3895928988978583], "C11": [2.7740502883036546, -0.11410868530376037, 0.02283279857087496], "C12": [3.4800694754525017, -0.07897722154148387, -1.1719763532318723], "C13": [2.7990686516247765, 0.013221536257488363, -2.3781801003269836], "H14": [3.3049032689860764, -0.18585403117109342, 0.96308905021027], "C15": [3.505087343828876, 0.04836035943692157, -3.572954704494639], "C16": [4.8921268599313725, -0.0086995752083553, -3.5615355614258366], "C17": [5.573127683617751, -0.10090833312293632, -2.355321814446337], "C18": [4.8671089914136525, -0.13604715630236955, -1.1605472102786816], "H19": [2.97426449759363, 0.12034498121667214, -4.5132076238955525], "H20": [5.442583635470219, 0.018727301171696235, -4.492821354142234], "H21": [6.654317306098583, -0.1454360770773055, -2.3464246880510418], "H22": [5.397951837648898, -0.20804177810785712, -0.22030429085203096], "C23": [0.7310162235249299, 0.16245184282746758, -3.5957939905408676], "C24": [-0.6560062028610837, 0.21950142327544883, -3.6072095226338003], "C25": [-1.3620060776335343, 0.18437069258830277, -2.4124235610563005], "H26": [1.2812560323193805, 0.18988701127788937, -4.527207747874279], "H27": [-1.1868543824359588, 0.29131417440465, -4.547462689401824], "H28": [-2.443203337266664, 0.22872409897999726, -2.421332074022295]}, "num_atoms": 28, "atom_info": {}, "sites": {"1": ["H26", "C23", "C10"], "2": ["H27", "C24", "C23"], "3": ["H28", "C25", "C24"], "4": ["H9", "C3", "C4"], "5": ["H8", "C2", "C3"], "6": ["H7", "C1", "C2"], "7": ["H14", "C11", "C6"], "8": ["H22", "C18", "C12"], "9": ["H21", "C17", "C18"], "10": ["H20", "C16", "C17"], "11": ["H19", "C15", "C16"], "1b": ["C23", "C24", "C10"], "2b": ["C24", "C25", "C23"]}, "name": "benzophenalenyl", "active_site": "2b", "inplace": true}