{"atom_coords": {"C1": [0.68103, -0.09218, 1.2062], "C2": [-0.70601, -0.03513, 1.19479], "C3": [-1.38702, 0.05706, -0.01142], "C4": [-0.68101, 0.09219, -1.2062], "C5": [0.70603, 0.03513, -1.19478], "C6": [1.38704, -0.05705, 0.01142], "C11": [2.7740507721474907, -0.11409875093839378, 0.02282365569419366], "C12": [3.480070443054662, -0.07896735281534562, -1.1719846391205222], "C13": [2.7990512669000918, 0.01320388924854226, -2.378190891859311], "C14": [1.412040494752601, 0.07025264018693606, -2.3895945475535045], "H16": [4.561272493543597, -0.12338877073001644, -1.1632104355115391], "H17": [3.3493898811703238, 0.040538752960631703, -3.3095410373303693], "H18": [0.8811803619729295, 0.14198336402304731, -3.3298478768127513], "C19": [-1.362018811423403, 0.18436983911691374, -2.4123978948017046], "C20": [-2.749058620450002, 0.24142125252170643, -2.423824031680406], "C21": [-3.4550708381922015, -0.49371876825517685, -1.229031954522818], "C22": [-2.7740620267687977, 0.11410139262790939, -0.022834059721113853], "H23": [-0.8116905088837088, 0.21187042982569654, -3.3437478339945126], "H24": [-3.280017493450736, 0.3133209680931068, -3.364016155175675], "H25": [-4.536264715902161, -1.149297182664307, -1.2379426299233607], "C27": [-1.4120008540260884, -0.07026193938351726, 2.3895812563568026], "C28": [-0.7309776664617227, -0.16244372442291916, 3.5958046140756865], "C29": [0.6560444857267476, -0.21950217127998, 3.607209143032394], "C30": [1.3620353397528357, -0.18437023189646273, 2.4124178866755916], "C35": [2.7240788114234027, -0.3687298391169137, 4.824797894801705], "C36": [1.337038811423403, -0.3116798391169137, 4.813387894801704], "C39": [2.749078811423403, -0.24141983911691373, 2.4238178948017044], "C40": [3.4300888114234027, -0.3335998391169137, 3.630017894801705], "C41": [4.817099583570894, -0.3906485900553075, 3.6414215504958984], "C42": [5.523119254478065, -0.35551719193225934, 2.446613255681182], "C43": [4.842100078323495, -0.26334594986837145, 1.2404070029423937], "C44": [3.4550893061760037, -0.20629719892997767, 1.2290033472482], "H45": [5.347977963638467, -0.4623890766482048, 4.58166177536412], "H46": [6.604321304967, -0.39993860984693014, 2.4553874592901654], "H47": [5.392438692593727, -0.23601108615628202, 0.30905685747133527], "C53": [0.6310479573973147, -0.346811778500431, 6.008179151158507], "C54": [1.3120711449616804, -1.1389935635398327, 7.214402508877391], "C55": [2.6990932971501502, -0.49605201039689373, 7.225807037834099], "C56": [3.405084151176239, -0.46092007101337645, 6.031015781477296], "H58": [0.7618418561132925, -1.8663439705500324, 8.145824973675065], "H59": [3.229944854516045, -0.5679571541002575, 8.16605123640764], "H60": [4.486271650768528, -0.5055149742362923, 6.03990317884161], "C61": [-2.824104763249048, -0.14052318440924924, 4.779093146791004], "C62": [-1.4370651453847214, -0.19757601121106602, 4.790535420546851], "C65": [-2.7990743254890464, -0.013214436368433988, 2.3781133975307522], "C66": [-3.505099470666229, -0.04834321479605995, 3.572887299071844], "C67": [-4.892109756446731, 0.00870845239306614, 3.561439163414404], "C68": [-5.573113520628473, 0.10089059043173838, 2.355204866605978], "C69": [-4.8670798478911905, 0.13600988273799186, 1.160424858165508], "C70": [-3.480069562110688, 0.07895821554886577, 1.171872993822948], "C79": [-0.7560898610675566, -0.2897563337931888, 5.996752206899044], "C80": [-1.4621286782202543, -0.324885792479587, 7.191549244895883], "C81": [-2.8491511146434085, -0.26784285335027425, 7.180101788660224], "C82": [-3.530126398960573, -0.1756625307681515, 5.973885002308032], "C87": [-5.598125237629723, -0.02642576272287467, 4.756151234694219], "C90": [-6.960001404342399, 0.15792756206858385, 2.343657467515052], "C91": [-7.666078119479372, 0.12280886379438952, 3.538432999141352], "C92": [-6.985135174332263, 0.0306278969331312, 4.744670781381199], "C93": [-7.691211392831594, -0.004498161197413725, 5.939411765490263], "C94": [-9.0782505570312, 0.05255674761629961, 5.9279249662530695], "C95": [-9.759193501589623, 0.14474771446553628, 4.7216771840012175], "C96": [-9.053117283090291, 0.17987377259608142, 3.526936199892154], "H97": [-9.628752172210941, 0.025139820663097195, 6.859184547036504], "H98": [-10.840382850133997, 0.18927154086349243, 4.712727319361148], "H99": [-9.58391501299361, 0.251854526265496, 2.586666748335493], "C100": [-7.640943161029942, 0.25010836804506786, 1.1374217905394413], "C101": [-6.93487121691162, 0.28523627289298903, -0.05735571687772012], "C102": [-5.50224816332496, 0.9220185077379344, 0.03490359758726669], "H104": [-8.722137780682843, 0.29446857681970273, 1.1284441176178], "H105": [-7.465576559833138, 0.35704889483431, -0.997697627740183], "H106": [-4.906266114092479, 1.643277694856113, -0.8156451904096702], "C110": [-4.917163961112105, -0.11859834828135399, 5.962395346024959], "C111": [-3.5553073142295037, -0.3029598934908173, 8.374880678848996], "C113": [-5.623260196079153, -0.15372526697355315, 7.157162443296128], "C114": [-4.942317250932044, -0.24590623383481128, 8.363400225535976], "C115": [-5.648393469431376, -0.2810322919653563, 9.55814120964504], "C116": [-7.0354326336309825, -0.22397738315164298, 9.546654410407847], "C117": [-7.716375578189403, -0.1317864163024062, 8.340406628155995], "C118": [-7.010299359690071, -0.09666035817186117, 7.145665644046931], "H119": [-5.11761574004573, -0.35300304555177076, 10.498420660083271], "H120": [-7.585934248810723, -0.2513943101048455, 10.47791399119128], "H121": [-8.797564926733777, -0.0872625899044501, 8.331456763515924], "C123": [-0.7356545468471929, 0.2767577384786635, 8.478648715822464], "C124": [-1.487336311302135, -0.45218676255313073, 9.592627528054333], "C125": [-2.874346037711886, -0.3951324790492966, 9.581124790179736], "H126": [0.39114176800242206, 0.92606106261962, 8.568503882146462], "H127": [-0.9565305537886777, -0.5239930222017699, 10.532905139967877], "H128": [-3.4247323121684685, -0.42238956412439727, 10.51244970700684]}, "num_atoms": 88, "atom_info": {}, "sites": {}, "name": "big_core", "active_site": "1a", "inplace": false}