{"atom_coords": {"C1": [-5.2900472e-07, -3.9812765e-07, -1.37289e-09], "F2": [-1.01693525923019, -0.75246261493834, 0.35634641015218], "F3": [-0.44557706669298, 1.09984281928466, -0.56493020390234], "F4": [0.70940394940006, 0.30949173542494, 1.06221462607917], "F5": [0.75310974265813, -0.65687092115547, -0.85363085504701]}, "num_atoms": 5, "atom_info": {}, "sites": {"1": ["F5", "C1", "F2"], "2": ["F4", "C1", "F2"], "3": ["F3", "C1", "F2"]}, "name": "CF4", "active_site": null, "inplace": false}