{"atom_coords": {"C1": [0.68103, -0.09218, 1.2062], "C2": [-0.70601, -0.03513, 1.19479], "C3": [-1.38702, 0.05706, -0.01142], "C4": [-0.68101, 0.09219, -1.2062], "C5": [0.70603, 0.03513, -1.19478], "C6": [1.38704, -0.05705, 0.01142], "C11": [2.7740507721474907, -0.11409875093839378, 0.02282365569419366], "C12": [3.480070443054662, -0.07896735281534562, -1.1719846391205222], "C13": [2.7990512669000918, 0.01320388924854226, -2.378190891859311], "C14": [1.412040494752601, 0.07025264018693606, -2.3895945475535045], "H16": [4.561272493543597, -0.12338877073001644, -1.1632104355115391], "H17": [3.3493898811703238, 0.040538752960631703, -3.3095410373303693], "C20": [0.7310162235249299, 0.16245184282746758, -3.5957939905408676], "C21": [-0.6560062028610837, 0.21950142327544883, -3.6072095226338003], "C22": [-1.3620060776335343, 0.18437069258830277, -2.4124235610563005], "H24": [1.2812560323193805, 0.18988701127788937, -4.527207747874279], "H25": [-1.1868543824359588, 0.29131417440465, -4.547462689401824], "C28": [-2.749058620450002, 0.24142125252170643, -2.423824031680406], "C29": [-3.4550708381922015, 0.2062812317448231, -1.229031954522818], "C30": [-2.7740620267687977, 0.11410139262790939, -0.022834059721113853], "H32": [-3.280017493450736, 0.3133209680931068, -3.364016155175675], "H33": [-4.536264715902161, 0.2507028173356929, -1.2379426299233607], "C36": [-3.4800504430546617, 0.07897735281534624, 1.1719846391205222], "C37": [-2.7990312669000916, -0.013193889248541646, 2.378190891859311], "C38": [-1.412020494752601, -0.07024264018693571, 2.3895945475535045], "H40": [-4.561252493543597, 0.12339877073001729, 1.1632104355115391], "H41": [-3.3493698811703236, -0.04052875296063081, 3.3095410373303693], "C44": [-0.7309776664617227, -0.16244372442291916, 3.5958046140756865], "C45": [0.6560444857267476, -0.21950217127998, 3.607209143032394], "C46": [1.3620353397528357, -0.18437023189646273, 2.4124178866755916], "H48": [-1.2812069553101106, -0.1897941314331188, 4.52722707887336], "H49": [1.1868960430926423, -0.2914073149833437, 4.547453341605936], "C52": [2.7490786430818472, -0.24141069633761375, 2.423824061407264], "C53": [3.4550900939560716, -0.2062895215614527, 1.2290309769709609], "H56": [3.280041003437299, -0.31322470916523437, 3.3640207655321834], "H57": [4.536279933890812, -0.25081033663800373, 1.2379363487662236]}, "num_atoms": 36, "atom_info": {}, "sites": {"1b": ["C28", "C29", "C22"], "2b": ["C36", "C37", "C30"], "3b": ["C44", "C45", "C38"], "4b": ["C52", "C53", "C46"], "5b": ["C12", "C13", "C11"], "6b": ["C20", "C21", "C14"]}, "name": "coronene", "active_site": "6b", "inplace": false}