{"atom_coords": {"C1": [-3.39262, 0.93905, -0.13065], "C2": [-2.70595, -0.23216, 0.03565], "C5": [-1.32196, 0.07171, 0.03567], "C7": [-1.18917, 1.42292, -0.1307], "H8": [-0.51923, -0.64958, 0.14886], "H9": [-0.30693, 2.0497, -0.18474], "H10": [-2.67543, 2.93206, -0.36444], "C4": [-2.46027, 1.95229, -0.23354], "C11": [-4.780353644092123, 0.9309101157498078, -0.16687928013627495], "C12": [-5.471183377377833, -0.2659392024866106, -0.03432423026862537], "C13": [-4.774251596594481, -1.4546432900333368, 0.13445036937199412], "C14": [-3.3865179525023583, -1.4465034057831452, 0.17067964950826908], "H15": [-5.323634357659096, 1.857514903337854, -0.29833218495420544], "H16": [-6.552946797775002, -0.27239568558843075, -0.06250825263187658], "H17": [-5.31275042402486, -2.38758801641388, 0.23772683801243272], "H18": [-2.8432554663687353, -2.3731221736958727, 0.3021240507272416]}, "num_atoms": 16, "atom_info": {}, "sites": {"0": ["H10", "C4", "C7"], "1": ["H9", "C7", "C5"], "2": ["H8", "C5", "C2"], "3": ["H6", "C2", "C1"], "4": ["H3", "C1", "C4"], "1b": ["C1", "C2", "C4", "C5"], "3b": ["C5", "C7", "C2", "C4"]}, "name": "cyclopentadienyl", "active_site": "1b", "inplace": false}