{"atom_coords": {"C1": [0.0, 0.0, 0.0], "H2": [-0.28603, -0.25708999999999993, -1.01393], "C4": [1.9121824248067467, -1.1614282676562242, 0.16620373083129342], "C5": [2.6908529890990525, -2.036920313800666, 0.9108181825057966], "C6": [2.230397443322426, -2.5076757873177784, 2.132941807519743], "C7": [0.9912926647627904, -2.1029584257338305, 2.6104422686537676], "C8": [0.21262518526775637, -1.2274731045942633, 1.8658157646626723], "C9": [0.6730776462471114, -0.7567109060722764, 0.6437041919653176], "H10": [2.271078926595211, -0.7945656656083555, -0.7864952586311024], "H11": [3.6567538236692987, -2.352503710907287, 0.5386746346010312], "H12": [2.837390474922969, -3.1900794864998274, 2.7133877822073433], "H13": [0.6324185666103812, -2.4698260490725352, 3.563149794141578], "H14": [-0.7532682316007052, -0.9119677395986265, 2.2380462376349146], "C15": [-1.7089909700979113, 1.3442841466003248, 0.5524770801724045], "C16": [-2.1211805660592136, 2.5490212824471827, 1.1056253629074857], "C17": [-1.1806089836059446, 3.450801711695519, 1.584512965593168], "C18": [0.1721271370244603, 3.147860869881497, 1.5102477671297245], "C19": [0.5843072926722022, 1.9431247481689655, 0.9570890033636136], "C20": [-0.35625484946750646, 1.0413433047863028, 0.4782118817089611], "H21": [-2.4421797445595574, 0.6413999792071426, 0.1790894792381713], "H22": [-3.1756341082407027, 2.785290449761625, 1.1635281344944404], "H23": [-1.5019127496592897, 4.389867566614559, 2.0157345891756497], "H24": [0.9053002100925265, 3.8507560862298464, 1.8836505794685403], "H25": [1.638787598025522, 1.7069642989678813, 0.8992203507517531]}, "num_atoms": 24, "atom_info": {}, "sites": {"1": ["H2", "C1", "C9"]}, "name": "diphenylmethylene", "active_site": "2", "inplace": false}