{"atom_coords": {"C1": [-3.33953, 0.97319, 0.0], "C2": [-2.70573, -0.24008, -2e-05], "H3": [-4.39036, 1.23842, -0.0], "O4": [-2.4824, 2.05271, 4e-05], "C5": [-1.31898, 0.06444, 0.0], "H6": [-3.15463, -1.22774, -5e-05], "C7": [-1.25183, 1.43162, 4e-05], "H8": [-0.49758, -0.64428, -1e-05], "H9": [-0.40881, 2.11274, 7e-05]}, "num_atoms": 9, "atom_info": {}, "sites": {"1": ["H9", "C7", "C5"], "2": ["H8", "C5", "C2"], "3": ["H6", "C2", "C1"], "4": ["H3", "C1", "O4"]}, "name": "furan", "active_site": null, "inplace": false}