{"atom_coords": {"H1": [1.22614, -0.16131, 2.15519], "C2": [0.69146, -0.09289, 1.21113], "C3": [-0.7018, -0.04744, 1.20183], "H4": [-1.24679, -0.08073, 2.14243], "C5": [-1.39322, 0.03925, -0.00786], "C6": [-2.87608, 0.08324, -0.01814], "C7": [-0.6812, 0.08282, -1.20767], "H8": [-1.20996, 0.15147, -2.15561], "C9": [0.71211, 0.03716, -1.19796], "H10": [1.26311, 0.07011, -2.13463], "C11": [1.3989, -0.05142, 0.01133], "H12": [2.48543, -0.08818, 0.01872], "H13": [-3.4435, 0.14922, -0.9433], "H14": [-3.44533, 0.04611, 0.90753]}, "num_atoms": 14, "atom_info": {}, "sites": {"1": ["H14", "C6", "C5"], "2": ["H13", "C6", "C5"], "3": ["H12", "C11", "C9"]}, "name": "halfcore", "active_site": null, "inplace": false}