{"atom_coords": {"C1": [-1.65821004335826, 0.0937152869475, -3.92017526e-06], "O2": [-1.34259420300593, 1.29103300884401, 1.37291703e-06], "O3": [-0.48016827078078, -0.64004605109508, 3.3587574e-07], "O4": [-2.6846064078252, -0.54003560177534, 1.58621508e-06], "H5": [0.29423727123871, -0.05069674336527, 6.2516935e-07]}, "num_atoms": 5, "atom_info": {}, "sites": {"1": ["O2", "C1", "O3"]}, "name": "HCO3", "active_site": null, "inplace": false}