{"atom_coords": {"S1": [1.82622184534706, -1.60086e-09, 1.4372e-10], "O2": [0.8114207352421, -1.23928240843429, 3.816e-11], "O3": [0.81142073378293, 1.23928240192642, 9.19e-12], "O4": [2.52930089869911, 1.0846e-10, -1.22518570926563], "O5": [2.52930089860961, 1.2273e-10, 1.22518570911077], "H6": [-0.12270275441934, 1.04863692170234, -3.352e-11]}, "num_atoms": 6, "atom_info": {}, "sites": {"1": ["O2", "S1", "O3"]}, "name": "HSO4", "active_site": null, "inplace": false}