{"atom_coords": {"H1": [0.55131, -0.93922, 2.1432], "C2": [0.00831, -0.83752, 1.20652], "C3": [-1.38671, -0.81495, 1.20391], "H4": [-1.90757, -0.47561, -2.13911], "C5": [-2.07028, -0.68397, -0.00525], "H6": [-3.15752, -0.66504, -0.01905], "C7": [-1.36453, -0.57668, -1.20234], "H8": [1.86828, -0.49466, -2.50681], "C9": [0.03064, -0.59861, -1.19982], "C10": [0.78157, -0.48343, -2.4736], "C11": [0.71425, -0.72933, 0.00937], "H12": [1.80145, -0.74769, 0.02307], "C13": [-2.13789, -0.92929, 2.47768], "H14": [0.2595, -0.38282, -3.42199], "H15": [-3.22488, -0.91179, 2.49733], "H16": [-1.62824, -1.03415, 3.4324]}, "num_atoms": 16, "atom_info": {}, "sites": {"1": ["H16", "C13", "C3"], "2": ["H15", "C13", "C3"], "3": ["H14", "C10", "C9"], "4": ["H8", "C10", "C9"]}, "name": "p_quinodimethane", "active_site": null, "inplace": false}