{"atom_coords": {"C1": [-0.92270975752184, -3.07545586598001, -0.11060701103848], "C2": [0.45359863643355, -3.12809945411972, -0.17431568839679], "C3": [1.20108371081695, -1.96675475149075, -0.16485476929017], "C4": [0.58392549460958, -0.70290625323849, -0.07724900755754], "C5": [-0.83597802254754, -0.62789757526214, -0.05280517298421], "C6": [-1.59363521836429, -1.83824416535201, -0.06149506479965], "H7": [-1.50788958090072, -3.98342039846316, -0.11311700955032], "H8": [0.95373244094143, -4.08407867300734, -0.23649278201252], "H9": [2.2761092019841, -2.02089767039658, -0.24156496970812], "C10": [-1.49518331541543, 0.62473271873978, -0.02842516205773], "C11": [-2.98766458983911, -1.77101015842551, -0.03047533129192], "C12": [-3.66781635038644, -0.5495400354897, 0.0124587650111], "C13": [-2.936940731409, 0.67261271459423, 0.01723310412531], "H14": [-3.55837004376845, -2.68907937074293, -0.03969932017484], "C15": [-3.66386769904557, 1.86935715341432, 0.06981785265848], "C16": [-5.03800412502086, 1.87640731808195, 0.11086485483078], "C17": [-5.75416971597525, 0.67548041766172, 0.09882427985204], "C18": [-5.08057054553674, -0.51282619651184, 0.05088448518451], "H19": [-3.14683264160412, 2.81598482046118, 0.08293905623456], "H20": [-5.57014499065201, 2.81543057230969, 0.15331548766233], "H21": [-6.83377856139344, 0.69432138390448, 0.12914730971985], "H22": [-5.61742116806836, -1.45084634077853, 0.04285931781803], "C23": [-0.70534929765367, 1.78066054530746, -0.05965048753302], "C24": [0.67423598114523, 1.71097836130989, -0.07760179369948], "C25": [1.34086790427351, 0.49716409714986, -0.05804382686728], "H26": [-1.16559458239612, 2.75550376277603, -0.06127260312192], "H27": [1.25186511870799, 2.62493535432528, -0.0759840084455], "C28": [3.48770017668121, -0.18285025488885, 1.0105213778004], "C29": [4.86826212345607, -0.14939749147568, 1.07356892145768], "C30": [5.59306198046455, 0.55354666882994, 0.12521869241626], "C31": [4.92845703344112, 1.23279753262247, -0.88219598549955], "C32": [3.54749064783574, 1.20903687429949, -0.94228773230426], "C33": [2.80949757879715, 0.49256899971535, -0.00267271600653], "H34": [2.92261406924367, -0.71650957624466, 1.76160507251609], "H35": [5.38144668936481, -0.67246769702666, 1.86762137141208], "H36": [6.67188363236938, 0.57530983746494, 0.17377095138841], "H37": [5.48900455000558, 1.78457383204694, -1.62360499574696], "H38": [3.02942797219008, 1.73230701154976, -1.73336358296765]}, "num_atoms": 38, "atom_info": {}, "sites": {"1": ["H26", "C23", "C10"], "2": ["H27", "C24", "C23"], "3": ["H28", "C25", "C24"], "4": ["H9", "C3", "C4"], "5": ["H8", "C2", "C3"], "6": ["H7", "C1", "C2"], "7": ["H14", "C11", "C6"], "8": ["H22", "C18", "C12"], "9": ["H21", "C17", "C18"], "10": ["H20", "C16", "C17"], "11": ["H19", "C15", "C16"], "1b": ["C23", "C24", "C10"], "2b": ["C24", "C25", "C23"]}, "name": "ph_bph", "active_site": "3", "inplace": true}