{"atom_coords": {"C1": [-3.39262, 0.93905, -0.13065], "C2": [-2.70595, -0.23216, 0.03565], "H3": [-4.45631, 1.13855, -0.1847], "N4": [-2.46027, 1.95229, -0.23354], "C5": [-1.32196, 0.07171, 0.03567], "H6": [-3.13264, -1.22345, 0.1488], "C7": [-1.18917, 1.42292, -0.1307], "H8": [-0.51923, -0.64958, 0.14886], "H9": [-0.30693, 2.0497, -0.18474], "H10": [-2.67543, 2.93206, -0.36444]}, "num_atoms": 10, "atom_info": {}, "sites": {"0": ["H10", "N4", "C7"], "1": ["H9", "C7", "C5"], "2": ["H8", "C5", "C2"], "3": ["H6", "C2", "C1"], "4": ["H3", "C1", "N4"]}, "name": "pyrrole", "active_site": null, "inplace": false}