{"atom_coords": {"C1": [-0.56864, -1.23095, -0.15401], "H2": [-1.00836, -1.06221, -0.99116], "H3": [-0.12899, -1.3995, 0.68322]}, "num_atoms": 3, "atom_info": {}, "sites": {"1": ["H3", "C1", "H2"]}, "name": "sp", "active_site": null, "inplace": false}