{"atom_coords": {"C1": [-0.6475, -0.95958, 0.00436], "H2": [-0.93353, -1.21667, -1.00957], "H3": [-0.96944, -0.01854, 0.43651], "H4": [-0.09549, -1.58018, 0.53228]}, "num_atoms": 4, "atom_info": {}, "sites": {"1": ["H4", "C1", "H2"], "2": ["H3", "C1", "H2"]}, "name": "sp2", "active_site": null, "inplace": false}