{"atom_coords": {"C1": [-1.1414, 0.07757, 0.0], "H2": [-2.17775, -0.18014, 0.06682], "H3": [-0.88907, 0.74948, 0.79358], "H4": [-0.54752, -0.80882, 0.08076], "H5": [-0.95125, 0.54976, -0.94116]}, "num_atoms": 5, "atom_info": {}, "sites": {"1": ["H5", "C1", "H2"], "2": ["H4", "C1", "H2"], "3": ["H3", "C1", "H2"]}, "name": "sp3", "active_site": null, "inplace": false}