{"atom_coords": {"C1": [-1.03543, 2.32516, -0.07876], "C2": [-0.15778, 1.05599, -0.09107], "H3": [-1.90567, 2.19623, -0.72665], "H4": [-1.38863, 2.54533, 0.93171], "H5": [-0.46926, 3.18679, -0.44041], "C6": [-0.96929, -0.16797, 0.38333], "H7": [-0.35414, -1.07042, 0.35566], "H8": [-1.32663, -0.02637, 1.40626], "H9": [-1.83451, -0.32865, -0.26419], "H10": [0.17161, 0.87421, -1.11726], "C11": [1.09163, 1.25308, 0.79308], "H12": [0.8087, 1.44536, 1.83092], "H13": [1.72377, 0.36233, 0.76822], "H14": [1.68464, 2.0984, 0.43589]}, "num_atoms": 14, "atom_info": {}, "sites": {"1": ["H10", "C2", "C1"]}, "name": "tbu", "active_site": "1", "inplace": false}