{"atom_coords": {"C1": [-3.49568, 0.85609, -0.1231], "C2": [-2.70585, -0.25151, 0.03828], "H3": [-4.57449, 0.94425, -0.16388], "S4": [-2.53586, 2.2998, -0.27882], "C5": [-1.31336, 0.05401, 0.0383], "H6": [-3.08758, -1.26059, 0.15497], "C7": [-1.05978, 1.39053, -0.12306], "H8": [-0.54424, -0.70257, 0.15502], "H9": [-0.11697, 1.92224, -0.16379]}, "num_atoms": 9, "atom_info": {}, "sites": {"1": ["H9", "C7", "C5"], "2": ["H8", "C5", "C2"], "3": ["H6", "C2", "C1"], "4": ["H3", "C1", "S4"]}, "name": "thiophene", "active_site": null, "inplace": false}