{"atom_coords": {"C1": [0.68103, -0.09218, 1.2062], "C2": [-0.70601, -0.03513, 1.19479], "C3": [-1.38702, 0.05706, -0.01142], "C4": [-0.68101, 0.09219, -1.2062], "C5": [0.70603, 0.03513, -1.19478], "C6": [1.38704, -0.05705, 0.01142], "C11": [2.7740507721474907, -0.11409875093839378, 0.02282365569419366], "C12": [3.480070443054662, -0.07896735281534562, -1.1719846391205222], "C13": [2.7990512669000918, 0.01320388924854226, -2.378190891859311], "C14": [1.412040494752601, 0.07025264018693606, -2.3895945475535045], "H15": [3.304929152215064, -0.18583923753129103, 0.9630638805624149], "H16": [4.561272493543597, -0.12338877073001644, -1.1632104355115391], "H17": [3.3493898811703238, 0.040538752960631703, -3.3095410373303693], "H18": [0.8811803619729295, 0.14198336402304731, -3.3298478768127513], "C19": [-1.362018811423403, 0.18436983911691374, -2.4123978948017046], "C20": [-2.749058620450002, 0.24142125252170643, -2.423824031680406], "C21": [-3.4550708381922015, 0.2062812317448231, -1.229031954522818], "C22": [-2.7740620267687977, 0.11410139262790939, -0.022834059721113853], "H23": [-0.8116905088837088, 0.21187042982569654, -3.3437478339945126], "H24": [-3.280017493450736, 0.3133209680931068, -3.364016155175675], "H25": [-4.536264715902161, 0.2507028173356929, -1.2379426299233607], "H26": [-3.3244109158804864, 0.08659247129619879, 0.9085055453643234], "C27": [-1.4120008540260884, -0.07026193938351726, 2.3895812563568026], "C28": [-0.7309776664617227, -0.16244372442291916, 3.5958046140756865], "C29": [0.6560444857267476, -0.21950217127998, 3.607209143032394], "C30": [1.3620353397528357, -0.18437023189646273, 2.4124178866755916], "H31": [-2.4931871955180087, -0.02567797374389401, 2.3807157457025037], "H32": [-1.2812069553101106, -0.1897941314331188, 4.52722707887336], "H33": [1.1868960430926423, -0.2914073149833437, 4.547453341605936], "H34": [2.4432228393451254, -0.22896513511937852, 2.4213052840399056]}, "num_atoms": 30, "atom_info": {}, "sites": {"1b": ["C19", "C20", "C4"], "2b": ["C19", "C20", "C4"], "3b": ["C20", "C21", "C19"], "4b": ["C27", "C28", "C2"], "5b": ["C28", "C29", "C27"], "6b": ["C29", "C30", "C28"], "7b": ["C11", "C12", "C6"], "8b": ["C12", "C13", "C11"], "9b": ["C13", "C14", "C12"], "1i": ["C1", "C2", "C6"], "2i": ["C2", "C3", "C1"], "3i": ["C3", "C4", "C2"]}, "name": "triphenylene", "active_site": "3b", "inplace": false}